Date,Time,Latitude,Longitude,Type,Depth,Magnitude
2/4/1965,6:37:06,52.528,172.007,Earthquake,25,5.7
2/5/1965,22:16:02,51.487,176.558,Earthquake,30.4,5.6
2/18/1965,4:26:37,25.011,94.186,Earthquake,55,5.6
3/5/1965,6:15:04,50.928,179.511,Earthquake,30,5.5
3/24/1965,22:42:12,8.418,126.553,Earthquake,55,5.7
4/10/1965,22:53:05,-13.409,170.376,Earthquake,635,6.3
5/1/1965,21:27:54,60.35,-146.176,Earthquake,15,5.6
5/26/1965,19:44:13,-55.957,-27.875,Earthquake,125,6
6/15/1965,23:10:29,-21.025,173.574,Earthquake,25,6.2
7/6/1965,18:36:46,-4.408,155.062,Earthquake,490,6.3
8/11/1965,7:18:47,-15.67,167.216,Earthquake,30,5.8
8/20/1965,9:42:50,-18.954,-68.82,Earthquake,124,6.7
9/14/1965,8:27:18,8.382,126.895,Earthquake,35,5.8
10/3/1965,14:45:31,49.426,156.417,Earthquake,50,5.9
11/13/1965,17:59:43,-29.414,-68.166,Earthquake,45,5.7
11/28/1965,21:31:45,-4.841,103.103,Earthquake,60,5.8
12/30/1965,6:16:04,-16.673,-71.111,Earthquake,100,5.8
2/7/1966,4:26:13,29.956,69.761,Earthquake,10,6.5
3/3/1966,3:25:29,48.256,154.425,Earthquake,45.8,5.8
3/27/1966,18:53:41,8.865,-83.467,Earthquake,25,5.7
4/22/1966,3:06:35,-37.656,-73.428,Earthquake,21.4,5.9
5/23/1966,8:39:45,30.081,139.992,Earthquake,20,5.7
6/15/1966,0:59:50,-10.318,161.006,Earthquake,45,7.1
7/19/1966,1:40:56,56.241,164.754,Earthquake,15,6.4
8/16/1966,18:02:36,37.38,-114.157,Earthquake,10,5.7
9/8/1966,21:15:56,2.388,128.49,Earthquake,115,7.7
10/17/1966,21:42:00,-10.665,-78.228,Earthquake,40,8.1
12/7/1966,17:17:43,44.475,151.655,Earthquake,15,5.9
1/3/1967,11:05:17,-11.112,165.536,Earthquake,30,5.6
1/20/1967,1:57:23,48.105,103.064,Earthquake,20,6.4
2/18/1967,2:39:20,-5.873,153.267,Earthquake,35,5.6
3/17/1967,11:24:47,-3.575,150.909,Earthquake,25,6.2
4/10/1967,4:59:56,-7.359,155.753,Earthquake,35,5.7
5/27/1967,17:23:00,51.851,176.105,Earthquake,30.7,5.8
6/24/1967,21:00:26,12.531,141.665,Earthquake,20,5.7
8/1/1967,1:13:42,-13.02,-76.731,Earthquake,50,5.7
8/26/1967,2:07:10,12.273,140.896,Earthquake,20,5.6
9/20/1967,10:30:54,-49.588,163.812,Earthquake,20,5.7
10/17/1967,21:05:24,17.241,121.886,Earthquake,35,5.7
11/17/1967,4:58:57,28.381,-43.765,Earthquake,15,5.7
12/18/1967,14:04:22,12.062,143.799,Earthquake,20,5.7
1/14/1968,17:43:08,52.53,-171.418,Earthquake,10,6.2
2/12/1968,5:44:45,-5.42,153.368,Earthquake,30,7.3
3/10/1968,7:11:22,-36.391,179.575,Earthquake,70,5.8
4/26/1968,17:47:59,18.462,-103.528,Earthquake,30,6.1
5/16/1968,19:16:48,41.35,142.614,Earthquake,43.3,6.1
5/22/1968,19:29:28,40.25,142.51,Earthquake,48.5,6
6/12/1968,13:41:53,39.503,143.07,Earthquake,32.1,7
6/26/1968,10:23:51,42.037,142.897,Earthquake,45,5.8
7/27/1968,10:51:32,-19.188,176.024,Earthquake,15,5.7
8/11/1968,12:37:30,52.053,-179.955,Earthquake,165.2,5.7
8/26/1968,9:25:59,-16.321,178.161,Earthquake,20,5.8
9/20/1968,6:00:04,10.697,-62.748,Earthquake,103.4,6.5
10/14/1968,2:58:52,-31.566,117.071,Earthquake,15,6.5
11/16/1968,7:45:50,-16.596,175.932,Earthquake,35,5.9
12/7/1968,21:35:47,-20.67,169.428,Earthquake,71.6,6
1/5/1969,13:26:43,-7.97,158.888,Earthquake,60,7
1/31/1969,14:59:35,-15.426,-174.909,Earthquake,260,5.6
2/28/1969,2:40:32,36.033,-10.613,Earthquake,10,7.8
3/21/1969,4:56:18,31.296,-114.417,Earthquake,10,6
4/9/1969,12:57:25,36.825,139.853,Earthquake,110.4,5.7
4/27/1969,12:59:09,-57.655,-25.793,Earthquake,45,5.7
6/9/1969,21:53:00,-23.558,-174.819,Earthquake,15,5.8
7/7/1969,4:43:16,16.465,147.287,Earthquake,25,5.9
8/1/1969,23:43:46,45.407,150.882,Earthquake,38.4,6.3
8/12/1969,4:53:39,43.301,147.692,Earthquake,30.4,6.1
8/16/1969,17:13:42,43.097,147.648,Earthquake,32.9,5.6
8/30/1969,7:54:29,43.232,146.794,Earthquake,35,5.7
9/15/1969,18:47:42,45.532,151.738,Earthquake,38.8,5.5
10/1/1969,5:58:14,-11.803,-74.942,Earthquake,10,5.8
10/27/1969,8:10:58,44.854,17.253,Earthquake,15,6.1
12/4/1969,8:50:24,40.726,144.715,Earthquake,29.1,5.7
1/5/1970,11:49:10,23.984,102.732,Earthquake,15,5.9
1/27/1970,9:29:44,7.44,-72.1,Earthquake,18.6,5.8
2/15/1970,12:36:36,-0.045,122.999,Earthquake,138.3,5.9
3/9/1970,0:50:07,39.579,143.546,Earthquake,25,5.9
3/31/1970,8:50:14,-5.632,-80.2,Earthquake,73.1,5.7
4/14/1970,19:08:19,-33.308,19.486,Earthquake,10,5.7
4/29/1970,21:20:27,14.76,-93.413,Earthquake,35,5.8
5/27/1970,12:05:07,27.236,140.23,Earthquake,390,7.1
6/9/1970,10:55:01,-15.764,-172.872,Earthquake,25,5.9
6/28/1970,1:30:18,-8.683,124,Earthquake,85.8,6.6
7/27/1970,12:31:21,-37.881,177.546,Earthquake,95,6.3
8/13/1970,4:22:37,-8.991,117.933,Earthquake,99.1,5.8
9/16/1970,1:49:21,13.124,144.537,Earthquake,45,6
10/11/1970,5:38:07,-32.049,-177.898,Earthquake,25,6.2
11/8/1970,22:35:48,-3.428,135.544,Earthquake,35,6.7
11/26/1970,3:11:41,43.489,-128.038,Earthquake,10,5.9
12/8/1970,19:30:08,-30.838,-71.146,Earthquake,50.7,6.5
12/29/1970,2:26:08,-10.436,161.395,Earthquake,30,6.7
1/12/1971,14:57:12,-3.39,139.993,Earthquake,30,5.9
2/4/1971,15:33:29,0.653,98.711,Earthquake,30,7
2/23/1971,19:41:25,39.639,27.379,Earthquake,10,5.6
3/23/1971,9:26:29,70.974,-6.978,Earthquake,15,6.2
4/6/1971,11:06:30,-22.089,-179.525,Earthquake,588.8,6.1
5/2/1971,6:08:27,51.396,-177.318,Earthquake,24.2,7
5/19/1971,11:06:31,2.302,129.074,Earthquake,30,5.5
6/10/1971,19:59:54,41.087,138.549,Earthquake,230.8,6
7/9/1971,3:03:20,-32.601,-71.076,Earthquake,60.3,7.8
7/19/1971,15:37:45,-5.567,150.562,Earthquake,10,6.3
7/26/1971,16:45:02,-5.972,151.499,Earthquake,40,5.8
8/2/1971,13:00:02,41.424,143.473,Earthquake,44.7,5.5
8/16/1971,22:37:33,28.791,103.595,Earthquake,20,5.6
9/8/1971,3:17:28,46.692,141.449,Earthquake,20,5.7
9/25/1971,13:05:57,-32.475,-73.076,Earthquake,15,5.7
10/12/1971,9:44:59,15.888,-91.004,Earthquake,25,5.7
10/28/1971,14:20:32,-13.342,166.392,Earthquake,40,5.7
11/24/1971,19:35:33,52.803,159.199,Earthquake,125,7.3
12/17/1971,19:06:08,55.474,163.657,Earthquake,28.8,6.3
1/12/1972,9:59:10,-6.833,-71.847,Earthquake,569.1,6.4
1/28/1972,16:18:28,20.963,120.063,Earthquake,35,5.7
2/24/1972,1:43:05,55.846,-158.214,Earthquake,58.9,5.5
3/20/1972,23:31:49,51.277,-179.233,Earthquake,35,5.9
4/3/1972,18:52:58,54.238,-35.118,Earthquake,10,5.7
4/27/1972,19:20:55,24.043,122.425,Earthquake,31.8,5.6
5/11/1972,21:18:27,-27.825,-178.88,Earthquake,358.1,5.9
6/8/1972,9:14:09,21.085,120.207,Earthquake,25,5.7
7/3/1972,5:31:30,5.794,125.865,Earthquake,105,5.6
7/30/1972,23:17:23,-5.877,130.525,Earthquake,90,5.9
8/10/1972,15:31:27,-21.396,-174.371,Earthquake,40,5.6
8/30/1972,18:51:33,36.62,96.562,Earthquake,18,5.5
9/11/1972,10:36:55,-3.551,149.92,Earthquake,10,5.6
9/22/1972,19:57:28,22.413,121.123,Earthquake,25,6.3
10/15/1972,10:28:08,-22.167,171.479,Earthquake,90,6
11/3/1972,23:57:56,-19.181,-69.108,Earthquake,116.6,5.5
11/20/1972,9:11:44,16.871,145.963,Earthquake,130,5.5
12/4/1972,17:51:21,-1.535,136.657,Earthquake,15,6
12/17/1972,18:00:51,-5.59,153.244,Earthquake,40.9,5.7
1/3/1973,14:31:05,39.114,71.889,Earthquake,33,5.5
2/1/1973,5:14:21,-22.655,-66.195,Earthquake,229,6.1
2/18/1973,3:48:53,-36.694,-17.203,Earthquake,33,5.6
3/10/1973,9:50:00,-15.184,-173.524,Earthquake,8,5.6
3/23/1973,6:55:33,51.301,174.217,Earthquake,27,5.9
4/8/1973,20:48:46,-23.876,-177.044,Earthquake,122,5.5
5/1/1973,10:40:47,-10.016,150.176,Earthquake,27,5.9
5/30/1973,4:38:02,-2.26,-78.523,Earthquake,111,5.7
6/15/1973,21:09:42,53.564,161.551,Earthquake,45,5.5
6/23/1973,5:26:49,51.875,-176.9,Earthquake,62,5.5
7/5/1973,0:58:45,43.988,147.849,Earthquake,40,5.5
7/24/1973,20:03:35,-30.526,-71.601,Earthquake,60,5.6
8/7/1973,14:22:45,-26.829,-70.919,Earthquake,14,6.3
8/25/1973,3:44:34,10.607,138.423,Earthquake,33,5.8
9/11/1973,23:18:51,25.645,124.509,Earthquake,141,5.8
9/28/1973,11:32:23,13.244,50.722,Earthquake,33,5.5
10/28/1973,13:44:46,-33.042,-179.151,Earthquake,95,5.5
11/15/1973,15:06:36,-1.374,-15.791,Earthquake,33,5.5
11/30/1973,18:41:08,-6.264,154.11,Earthquake,28,5.5
12/23/1973,18:31:33,-56.291,-139.014,Earthquake,33,5.7
1/3/1974,11:15:24,-14.562,166.347,Earthquake,9,5.5
1/22/1974,13:28:20,55.204,162.142,Earthquake,33,5.7
2/3/1974,10:08:48,18.909,120.07,Earthquake,30,5.9
2/28/1974,12:59:30,-19.201,169.824,Earthquake,14,5.5
3/22/1974,18:13:41,49.9,90.807,Earthquake,33,5.5
4/17/1974,15:21:24,1.516,126.239,Earthquake,33,5.5
5/7/1974,3:04:58,12.728,-44.484,Earthquake,33,5.8
5/17/1974,20:55:11,-6.513,106.837,Earthquake,131,6
6/14/1974,13:24:41,-60.649,-37.598,Earthquake,33,5.6
7/1/1974,23:11:15,-22.642,-10.674,Earthquake,33,5.6
7/28/1974,11:35:00,46.293,153.33,Earthquake,52,5.9
8/11/1974,20:05:30,39.471,73.652,Earthquake,33,5.8
8/29/1974,9:59:55,73.366,55.094,Nuclear Explosion,0,6.4
9/16/1974,21:55:51,49.625,155.944,Earthquake,48,5.5
10/10/1974,6:48:14,40.96,143.129,Earthquake,29,6.2
10/22/1974,12:06:11,62.087,-26.17,Earthquake,33,5.6
11/14/1974,4:48:55,58.797,-154.62,Earthquake,37,5.6
12/4/1974,3:07:46,0.393,97.843,Earthquake,20,6.9
1/1/1975,20:24:33,-4.932,129.923,Earthquake,20,5.7
1/20/1975,17:31:11,34.992,141.188,Earthquake,28,5.9
1975-02-23T02:58:41.000Z,1975-02-23T02:58:41.000Z,8.017,124.075,Earthquake,623,5.6
3/14/1975,6:04:31,16.598,-93.385,Earthquake,155,5.5
4/2/1975,8:44:00,33.597,140.374,Earthquake,71,5.6
4/16/1975,1:27:19,71.516,-10.427,Earthquake,13,6.5
5/10/1975,14:27:39,-38.183,-73.232,Earthquake,6,7.7
5/30/1975,17:45:01,26.642,97.025,Earthquake,57,5.6
6/14/1975,10:40:21,-32.494,-70.683,Earthquake,94,5.7
6/30/1975,18:54:13,44.745,-110.605,Earthquake,7,5.9
7/20/1975,8:59:19,-54.746,144.193,Earthquake,33,5.5
7/24/1975,22:23:47,-21.342,120.448,Earthquake,33,5.5
8/8/1975,15:51:16,-15.476,168.032,Earthquake,20,5.5
8/25/1975,21:42:11,-19.236,-69.162,Earthquake,119,5.7
9/20/1975,11:56:08,-13.21,167.047,Earthquake,202,5.6
10/3/1975,13:10:28,-7.841,122.852,Earthquake,244,5.5
10/15/1975,10:56:22,-11.639,119.087,Earthquake,33,5.6
10/30/1975,10:04:44,-22.454,173.758,Earthquake,22,5.5
11/17/1975,14:13:50,13.054,125.869,Earthquake,26,5.5
12/1/1975,12:06:57,12.578,126.031,Earthquake,30,5.6
12/24/1975,14:57:35,-10.736,163.302,Earthquake,33,5.7
1/6/1976,22:17:48,51.678,159.209,Earthquake,33,5.6
1/15/1976,8:29:55,-30.251,-177.412,Earthquake,44,5.5
1/23/1976,5:45:31,-7.478,119.905,Earthquake,614,6.4
2/3/1976,23:57:55,54.504,161.892,Earthquake,33,6
2/14/1976,20:31:38,-8.082,108.607,Earthquake,53,5.9
3/6/1976,11:07:14,0.838,122.6,Earthquake,51,5.5
3/28/1976,16:24:41,-5.001,105.052,Earthquake,179,5.5
4/12/1976,22:49:50,-32.736,-179.663,Earthquake,143,5.5
5/4/1976,8:30:07,-21.928,-175.033,Earthquake,54,5.5
5/16/1976,22:10:31,-54.617,-132.522,Earthquake,33,5.5
5/27/1976,20:40:29,-5.39,154.081,Earthquake,109,5.6
6/9/1976,16:30:40,-6.515,151.412,Earthquake,18,5.5
6/26/1976,10:30:59,3.665,126.75,Earthquake,33,6.5
7/17/1976,21:06:32,-4.157,152.755,Earthquake,53,6.6
8/4/1976,14:00:02,-35.647,-14.035,Earthquake,33,5.8
8/18/1976,20:27:32,6.923,123.691,Earthquake,33,5.7
9/1/1976,13:25:30,-20.414,169.364,Earthquake,75,5.7
9/16/1976,11:26:37,-9.214,148.139,Earthquake,15,5.9
10/5/1976,15:57:27,-30.379,-177.312,Earthquake,15,5.5
11/2/1976,11:19:14,-29.217,77.815,Earthquake,33,5.7
11/21/1976,17:34:21,3.745,128.131,Earthquake,77,5.6
12/4/1976,17:27:13,-56.076,-26.739,Earthquake,33,5.5
12/20/1976,20:33:08,48.802,-129.292,Earthquake,10,6.7
1/12/1977,23:35:19,1.577,99.856,Earthquake,178,5.6
2/6/1977,3:09:14,-21.821,-175.259,Earthquake,33,5.7
3/4/1977,19:21:54,45.772,26.761,Earthquake,94,6.4
3/21/1977,22:42:07,27.602,56.52,Earthquake,36,5.8
4/7/1977,22:15:10,-6.407,130.011,Earthquake,118,5.5
4/21/1977,4:24:10,-9.965,160.731,Earthquake,33,7.5
5/20/1977,22:51:14,-4.444,101.975,Earthquake,37,5.7
6/13/1977,10:08:48,-18.525,-174.057,Earthquake,41,5.5
7/6/1977,4:42:24,5.278,-82.651,Earthquake,33,5.5
7/22/1977,17:16:40,-33.797,-179.72,Earthquake,31,6
8/19/1977,6:43:31,-10.566,118.386,Earthquake,33,6.1
8/25/1977,18:05:11,-10.743,119.268,Earthquake,33,6.1
9/4/1977,8:48:39,-13.682,166.706,Earthquake,33,6.5
9/11/1977,23:19:24,35.048,23.029,Earthquake,33,6
10/1/1977,12:52:31,-10.078,117.497,Earthquake,33,5.6
10/9/1977,10:03:22,-9.925,117.29,Earthquake,33,5.6
10/23/1977,10:31:53,-21.486,170.3,Earthquake,89,5.6
11/17/1977,15:20:43,-55.96,-27.857,Earthquake,127,5.6
11/24/1977,2:02:31,-31.615,-67.573,Earthquake,23,6.3
12/5/1977,14:13:52,-23.915,-175.95,Earthquake,33,5.9
12/21/1977,1:00:33,25.51,143.112,Earthquake,33,6.8
1/14/1978,13:49:43,1.674,126.417,Earthquake,45,5.5
1/31/1978,2:17:13,-56.124,-27.401,Earthquake,132,5.5
2/16/1978,3:47:25,5.465,-77.714,Earthquake,24,5.5
3/3/1978,10:48:11,-15.288,-173.517,Earthquake,33,6.2
3/14/1978,20:32:15,24.072,122.638,Earthquake,43,5.5
3/23/1978,3:24:25,43.922,149.144,Earthquake,33,5.5
3/28/1978,20:17:06,48.764,154.918,Earthquake,53,5.8
4/15/1978,13:49:32,-16.47,-73.514,Earthquake,50,5.5
5/10/1978,15:36:26,37.319,141.784,Earthquake,40,5.5
5/23/1978,23:34:11,40.759,23.268,Earthquake,10,5.7
6/11/1978,14:55:25,49.262,-129.502,Earthquake,10,6.1
6/24/1978,3:27:18,-15.003,167.267,Earthquake,122,5.5
7/18/1978,22:48:00,-6.438,153.163,Earthquake,28,5.7
8/8/1978,7:46:23,-12.384,166.453,Earthquake,88,5.7
8/21/1978,0:28:23,-31.271,-67.773,Earthquake,10,5.6
9/8/1978,22:56:57,-30.367,-178.151,Earthquake,33,5.9
9/28/1978,9:38:33,51.258,159.793,Earthquake,33,5.5
10/29/1978,4:06:04,-5.441,152.005,Earthquake,60,5.9
11/19/1978,16:28:39,-7.183,154.813,Earthquake,33,5.6
12/9/1978,4:17:06,45.344,150.114,Earthquake,54,5.6
12/25/1978,23:57:55,10.366,-103.865,Earthquake,10,6.5
1/24/1979,1:30:59,-6.239,155.225,Earthquake,160,5.5
2/13/1979,10:36:17,33.318,57.431,Earthquake,33,5.5
3/9/1979,1:26:34,-9.558,147.959,Earthquake,33,6.1
3/31/1979,13:20:54,29.181,142.338,Earthquake,55,5.7
4/28/1979,0:54:10,-18.324,-174.631,Earthquake,55,5.6
5/16/1979,2:27:01,-35.666,-16.242,Earthquake,10,6.2
5/27/1979,14:22:46,-9.691,154.221,Earthquake,26,5.8
6/23/1979,2:56:58,49.918,78.915,Nuclear Explosion,0,6.3
7/12/1979,23:22:17,-36.314,-98.03,Earthquake,10,5.5
8/8/1979,14:04:32,-56.359,-26.016,Earthquake,33,5.9
9/1/1979,5:27:18,53.978,-165.204,Earthquake,69,5.8
9/19/1979,21:35:37,42.812,13.061,Earthquake,16,5.9
10/10/1979,13:39:14,-7.213,106.035,Earthquake,33,5.9
10/23/1979,8:19:01,-10.596,161.312,Earthquake,33,5.9
11/4/1979,14:44:12,-15.596,-173.084,Earthquake,27,5.5
11/21/1979,10:24:32,-3.414,139.724,Earthquake,70,5.5
12/13/1979,5:37:48,2.614,-79.215,Earthquake,33,5.8
1/2/1980,20:58:44,5.984,126.188,Earthquake,63,6
1/20/1980,7:28:44,2.714,128.526,Earthquake,211,5.8
2/15/1980,14:25:49,44.533,149.739,Earthquake,35,6
2/27/1980,23:02:42,43.299,146.869,Earthquake,36,5.6
3/27/1980,15:29:35,-17.983,-175.95,Earthquake,33,5.8
4/14/1980,12:39:04,-10.878,164.076,Earthquake,33,6.1
5/12/1980,14:23:46,-23.625,-177.194,Earthquake,170,5.5
5/27/1980,14:50:57,37.5033333,-118.8055,Earthquake,13.795,6.2
6/16/1980,5:45:07,-22.029,-68.459,Earthquake,87,5.5
6/25/1980,18:48:11,-6.592,146.84,Earthquake,21,5.7
7/17/1980,20:49:29,-11.828,166.44,Earthquake,33,5.7
8/9/1980,5:45:09,15.888,-88.516,Earthquake,22,6.4
9/19/1980,8:45:47,13.892,120.725,Earthquake,148,5.7
10/9/1980,16:19:38,-15.379,-173.42,Earthquake,33,6
10/25/1980,16:20:05,-22.313,170.38,Earthquake,33,6.5
11/12/1980,5:50:20,19.441,-69.607,Earthquake,33,5.9
12/11/1980,18:15:03,-21.272,-68.153,Earthquake,80,6.1
12/24/1980,16:44:43,-5.64,145.496,Earthquake,33,5.6
1/18/1981,3:06:45,-61.091,-55.426,Earthquake,22,6
1/28/1981,19:25:33,-54.59,158.016,Earthquake,10,5.6
2/17/1981,16:53:14,-23.09,39.479,Earthquake,33,5.7
3/4/1981,15:16:00,-25.742,-176.678,Earthquake,40.8,5.5
3/26/1981,10:16:12,-21.588,-174.263,Earthquake,43,5.7
4/23/1981,0:30:44,-14.623,166.76,Earthquake,33,5.5
5/22/1981,2:55:22,-6.562,132.255,Earthquake,73,5.8
6/20/1981,12:31:48,-21.379,169.451,Earthquake,33,5.8
7/28/1981,3:03:22,-41.574,-73.204,Earthquake,43,5.5
8/26/1981,16:32:17,-5.343,151.476,Earthquake,74.2,5.7
9/13/1981,7:25:12,-60.843,-19.751,Earthquake,10,5.6
9/30/1981,11:53:26,37.5838333,-118.8645,Earthquake,3.126,5.9
10/17/1981,20:04:15,4.596,122.662,Earthquake,624.6,5.8
11/8/1981,21:56:11,61.809,153.666,Earthquake,33,5.6
11/29/1981,3:35:09,49.86,78.857,Nuclear Explosion,0,5.6
12/24/1981,6:01:07,-22.045,-176.377,Earthquake,159.4,5.5
1/11/1982,6:49:19,13.945,124.407,Earthquake,33,5.9
1/23/1982,17:37:30,31.696,82.246,Earthquake,33,6.5
2/20/1982,13:26:50,-10.861,166.015,Earthquake,36,6.8
3/19/1982,0:17:52,-2.802,138.811,Earthquake,48,5.5
4/8/1982,11:40:31,-20.614,-174.181,Earthquake,41,5.5
4/25/1982,10:04:22,-15.055,167.38,Earthquake,119,5.7
5/30/1982,1:25:12,-5.207,152.494,Earthquake,66.4,5.7
6/18/1982,3:04:06,-34.023,58.37,Earthquake,10,5.5
7/10/1982,12:04:40,-55.985,146.843,Earthquake,10,5.5
8/7/1982,20:56:23,-11.143,115.418,Earthquake,33,6.4
9/2/1982,15:58:54,-39.753,176.886,Earthquake,33,5.6
9/18/1982,21:20:12,-26.916,-176.373,Earthquake,50,5.6
10/4/1982,15:41:09,-31.971,-178.514,Earthquake,65.9,5.6
11/10/1982,21:20:46,-15.488,-175.955,Earthquake,33,5.8
11/27/1982,9:55:39,50.205,147.727,Earthquake,622.3,5.6
12/17/1982,21:15:02,-26.674,-176.152,Earthquake,33,5.6
12/21/1982,0:51:31,-23.589,-175.048,Earthquake,33,5.5
1/7/1983,6:23:12,-15.296,-177.9,Earthquake,48,5.8
1/22/1983,1:27:44,-6.672,103.027,Earthquake,40,6
2/4/1983,6:31:16,1.493,127.294,Earthquake,144,5.5
2/22/1983,9:36:47,16.356,-95.011,Earthquake,37,5.7
3/15/1983,11:27:43,-8.172,-79.997,Earthquake,33,5.5
3/30/1983,0:49:08,1.682,122.55,Earthquake,22.8,5.5
4/12/1983,12:07:55,-4.843,-78.103,Earthquake,104.2,7
4/27/1983,17:20:35,-21.137,-174.272,Earthquake,21,5.6
5/10/1983,11:02:36,-5.399,150.896,Earthquake,112.4,6.5
5/29/1983,22:01:50,40.696,139.367,Earthquake,36.4,5.6
6/18/1983,19:31:10,-8.228,156.357,Earthquake,9.3,5.5
7/2/1983,9:34:05,5.747,94.715,Earthquake,92.6,5.7
7/15/1983,10:45:39,5.488,126.502,Earthquake,49.4,5.7
8/5/1983,0:33:45,52.934,159.734,Earthquake,33,5.5
8/21/1983,8:34:46,3.742,126.617,Earthquake,45.8,5.9
9/9/1983,16:30:55,19.332,-155.122,Earthquake,9,5.5
9/27/1983,23:59:38,36.688,26.912,Earthquake,158.6,5.5
10/13/1983,12:22:15,24.457,-46.279,Earthquake,10,5.5
10/28/1983,14:06:07,44.058,-113.857,Earthquake,10,6.9
11/16/1983,16:13:00,19.43,-155.45,Earthquake,11,6.6
11/30/1983,2:56:47,41.79,142.772,Earthquake,56.9,6
12/15/1983,4:22:33,-33.099,-70.12,Earthquake,100.1,6.2
12/26/1983,4:37:05,-7.366,128.47,Earthquake,144.7,5.6
1/11/1984,18:40:30,-6.239,27.861,Earthquake,10,5.6
1/26/1984,17:54:09,-57.935,-25.087,Earthquake,33,5.5
2/16/1984,17:18:42,36.431,70.826,Earthquake,207.6,6.4
3/5/1984,3:33:51,8.147,123.762,Earthquake,649.1,7.3
3/20/1984,17:19:06,10.782,-42.261,Earthquake,10,5.5
4/2/1984,13:49:32,44.673,149.638,Earthquake,41.1,5.6
4/23/1984,21:26:39,36.431,70.75,Earthquake,208.5,5.5
5/4/1984,0:24:21,-55.514,146.555,Earthquake,10,5.6
5/21/1984,15:37:50,32.621,121.621,Earthquake,17.5,5.5
6/3/1984,1:44:15,-45.258,-75.711,Earthquake,33,5.5
6/22/1984,1:04:22,0.715,-30.41,Earthquake,10,5.6
7/4/1984,13:53:12,-12.924,166.621,Earthquake,126.3,5.6
7/23/1984,4:58:26,-30.421,-179.58,Earthquake,341.1,5.5
8/14/1984,1:02:08,61.84,-149.05,Earthquake,19,5.8
8/30/1984,12:28:40,54.113,-133.639,Earthquake,10,5.9
9/16/1984,22:26:39,-24.778,-175.766,Earthquake,33,5.5
9/22/1984,21:44:17,-32.04,-178.405,Earthquake,44.1,6.1
10/10/1984,19:05:58,-20.147,-179.271,Earthquake,675.6,5.6
10/22/1984,15:26:55,-31.572,-177.724,Earthquake,33,5.5
11/6/1984,7:58:51,-18.876,67.352,Earthquake,10,5.9
11/17/1984,13:45:49,-18.785,-178.032,Earthquake,451.4,6.7
11/23/1984,21:29:27,11.987,126.51,Earthquake,29.8,5.5
12/10/1984,10:22:05,-14.838,-75.226,Earthquake,53.2,5.7
12/29/1984,1:07:01,24.795,122.04,Earthquake,85.6,5.6
1/9/1985,1:32:39,-20.754,-179.085,Earthquake,662.2,5.5
1/26/1985,3:06:58,-33.053,-68.467,Earthquake,5,6.2
2/21/1985,18:53:11,-33.205,-71.768,Earthquake,55.9,5.7
3/4/1985,0:27:46,-33.141,-71.627,Earthquake,29,5.5
3/9/1985,14:08:04,66.239,-150.029,Earthquake,11.8,6.2
3/19/1985,4:01:08,-33.198,-71.653,Earthquake,42.2,6.7
4/3/1985,20:21:36,28.23,139.525,Earthquake,468.7,6.5
4/20/1985,18:23:48,9.004,-77.46,Earthquake,37.7,6.3
5/1/1985,13:27:56,-9.196,-71.23,Earthquake,599.9,6.6
5/15/1985,2:52:32,-51.792,28.263,Earthquake,10,5.7
6/2/1985,16:26:58,-37.728,-73.653,Earthquake,33,5.9
6/16/1985,11:43:15,-56.345,146.998,Earthquake,10,5.5
7/3/1985,4:36:52,-4.439,152.828,Earthquake,33,7.3
7/19/1985,14:34:01,-38.778,176.973,Earthquake,51.9,6
8/6/1985,0:14:36,-20.083,-178.318,Earthquake,607.4,5.6
8/15/1985,22:11:56,-15.437,67.244,Earthquake,10,5.6
9/5/1985,18:30:23,25.405,97.696,Earthquake,33,5.5
9/19/1985,0:21:57,-49.426,-8.049,Earthquake,10,5.5
10/4/1985,8:41:38,27.558,139.964,Earthquake,478.1,6.1
10/25/1985,18:12:20,-7.077,124.284,Earthquake,595.5,6
11/10/1985,12:39:51,4.203,-32.477,Earthquake,10,5.9
11/28/1985,2:41:07,-13.814,166.39,Earthquake,33,5.5
12/17/1985,0:13:20,-36.003,53.512,Earthquake,10,5.8
12/28/1985,15:41:04,-13.192,166.507,Earthquake,36,6.3
1/16/1986,5:08:32,5.936,126.074,Earthquake,83.3,5.8
2/10/1986,9:51:13,-21.585,170.404,Earthquake,100.7,5.5
3/1/1986,16:41:41,-6.3,130.949,Earthquake,79.5,5.6
3/21/1986,21:35:36,-7.455,120.646,Earthquake,613.9,5.5
3/30/1986,8:53:53,-26.194,132.767,Earthquake,10,5.7
4/23/1986,9:11:53,30.563,141.971,Earthquake,13.6,5.9
5/7/1986,20:43:31,51.384,-174.809,Earthquake,22.1,6.3
5/10/1986,9:53:01,8.502,-103.058,Earthquake,10,5.6
5/22/1986,19:52:22,34.63,26.528,Earthquake,43,5.5
6/5/1986,9:01:15,-36.351,-97.382,Earthquake,10,5.8
6/19/1986,18:12:28,7.799,94.517,Earthquake,164,5.9
7/1/1986,0:49:07,-15.564,-172.452,Earthquake,33,6.1
7/10/1986,1:29:36,1.792,126.387,Earthquake,33,5.9
7/21/1986,14:51:09,37.4931667,-118.4538333,Earthquake,8.482,5.7
8/6/1986,13:56:06,-55.288,-128.977,Earthquake,10,5.8
8/18/1986,14:16:14,1.739,126.575,Earthquake,33,5.8
9/9/1986,15:58:23,0.927,127.944,Earthquake,33,5.6
9/23/1986,13:30:15,-16.621,167.265,Earthquake,19,5.9
10/15/1986,23:04:15,-56.372,-25.64,Earthquake,33,5.5
10/21/1986,12:29:44,-27.644,-176.613,Earthquake,33,5.9
10/29/1986,20:11:40,5.722,125.331,Earthquake,71.6,5.6
11/15/1986,7:24:07,23.877,121.677,Earthquake,28,5.8
12/5/1986,1:45:36,-36.474,-97.628,Earthquake,10,5.8
12/25/1986,17:17:39,-44.46,-78.84,Earthquake,10,6.3
1/6/1987,5:07:48,23.976,121.729,Earthquake,38.1,5.7
1/27/1987,7:06:52,-32.154,-72.082,Earthquake,34.5,5.5
2/9/1987,2:15:25,-5.98,147.69,Earthquake,33,5.6
2/17/1987,6:16:12,-32.793,-179.304,Earthquake,10,6.8
3/4/1987,6:25:23,-6.528,147.921,Earthquake,16.1,5.5
3/10/1987,18:24:34,40.595,145.235,Earthquake,37.5,5.5
3/18/1987,0:22:49,2.114,126.571,Earthquake,29.7,6.1
4/3/1987,17:54:24,-4.731,144.216,Earthquake,91.2,6
4/25/1987,12:16:49,15.877,120.226,Earthquake,106,5.6
5/9/1987,8:05:38,19.202,145.521,Earthquake,149.3,5.6
5/19/1987,12:56:25,-30.284,-71.484,Earthquake,36.4,6.2
6/7/1987,5:49:44,20.429,121.366,Earthquake,14.8,6.3
6/18/1987,10:01:07,17.291,121.356,Earthquake,42.8,5.9
6/27/1987,22:05:20,-21.126,169.206,Earthquake,31.6,5.6
7/13/1987,19:14:58,-15.332,-70.061,Earthquake,241.4,6
7/31/1987,0:27:32,0.175,123.605,Earthquake,166.7,5.5
8/13/1987,15:23:07,-17.897,-70.931,Earthquake,36.5,6.6
9/7/1987,17:43:40,-31.218,-177.804,Earthquake,39.7,5.7
9/23/1987,15:14:56,-50.716,139.279,Earthquake,10,6.2
10/4/1987,8:15:19,10.823,-85.926,Earthquake,47.9,6.2
10/17/1987,6:37:30,-56.058,-27.209,Earthquake,94.9,5.5
11/5/1987,17:29:59,-21.812,-138.959,Nuclear Explosion,0,5.7
11/22/1987,3:36:57,46.413,153.478,Earthquake,34.6,5.5
11/30/1987,1:19:31,-19.648,175.944,Earthquake,33,5.5
12/15/1987,15:11:06,58.985,-142.774,Earthquake,10,5.5
1/13/1988,1:00:30,51.383,-174.643,Earthquake,33,5.5
1/22/1988,3:57:25,-19.798,133.91,Earthquake,5,6.3
2/3/1988,20:24:54,-9.208,66.978,Earthquake,10,5.7
2/15/1988,18:49:18,-25.216,-70.932,Earthquake,9.5,5.6
2/26/1988,9:55:35,-17.871,-172.001,Earthquake,33,5.5
3/12/1988,4:32:10,10.144,-60.569,Earthquake,51.6,5.8
3/23/1988,15:50:18,10.85,-43.556,Earthquake,10,6.2
4/7/1988,18:14:55,-55.759,-15.768,Earthquake,10,5.8
4/20/1988,4:25:37,0.96,-30.267,Earthquake,10,5.5
5/6/1988,16:34:06,-13.39,-76.226,Earthquake,50.5,5.9
5/21/1988,14:28:40,-32.833,-71.704,Earthquake,42.1,6.1
6/12/1988,18:07:14,-10.877,165.382,Earthquake,29.3,5.7
7/2/1988,10:01:29,-14.278,167.18,Earthquake,142.7,6.3
7/16/1988,16:55:01,-27.285,-176.758,Earthquake,30.1,5.7
7/27/1988,22:44:35,-13.15,166.967,Earthquake,176.8,6
8/10/1988,4:56:40,-10.041,160.714,Earthquake,33,5.9
8/17/1988,12:38:16,-26.924,-70.985,Earthquake,37.2,5.7
9/8/1988,22:27:53,-35.617,179.656,Earthquake,86.1,5.5
9/25/1988,21:28:05,36.425,70.703,Earthquake,212.2,5.9
10/10/1988,18:20:25,-28.644,-177.553,Earthquake,27.7,6.3
11/3/1988,14:47:11,13.881,-90.45,Earthquake,68.5,6.6
11/13/1988,2:37:15,-0.239,122.949,Earthquake,103.7,5.7
11/25/1988,23:46:04,48.117,-71.183,Earthquake,28.9,5.9
12/8/1988,12:02:44,-14.87,-174.498,Earthquake,33,5.5
12/23/1988,21:49:09,0.769,-29.41,Earthquake,9.9,5.7
1/15/1989,3:19:51,-31.75,-71.847,Earthquake,49.9,5.6
2/4/1989,19:24:07,5.862,-82.697,Earthquake,10,6.3
2/13/1989,8:06:56,7.957,-38.092,Earthquake,10,5.5
2/27/1989,23:39:11,2.301,128.009,Earthquake,53.7,6.4
3/17/1989,2:21:55,27.141,127.406,Earthquake,87.2,5.7
4/13/1989,3:52:16,-52.919,140.099,Earthquake,15,5.9
4/25/1989,2:13:21,30.048,99.419,Earthquake,7.7,6.1
5/3/1989,15:41:31,30.053,99.499,Earthquake,7.5,5.8
5/18/1989,22:00:40,17.852,147.009,Earthquake,56,5.6
5/26/1989,7:00:02,-52.583,160.106,Earthquake,10,5.7
6/13/1989,17:49:41,-3.67,140.139,Earthquake,71.2,5.6
6/28/1989,22:11:59,-6.223,148.814,Earthquake,50.4,5.5
7/22/1989,12:52:50,-54.412,-132.68,Earthquake,10,5.6
8/8/1989,7:59:06,-40.121,174.33,Earthquake,121.6,5.6
8/20/1989,19:25:57,11.904,41.824,Earthquake,11.7,6.1
9/5/1989,11:25:56,29.459,128.56,Earthquake,18.6,5.6
9/16/1989,23:20:53,16.497,-93.671,Earthquake,108.3,6.1
10/9/1989,18:01:08,51.78,171.869,Earthquake,26.2,5.8
10/26/1989,21:39:23,-4.651,152.828,Earthquake,74.2,5.6
11/2/1989,13:42:14,40.018,143.252,Earthquake,27.6,5.5
11/21/1989,3:10:24,-28.975,-177.529,Earthquake,56.2,5.9
12/4/1989,6:42:31,-15.471,-173.156,Earthquake,76.1,5.8
12/16/1989,10:40:20,7.777,126.806,Earthquake,34.2,5.5
12/26/1989,1:30:14,-41.714,-83.954,Earthquake,10,5.9
1/10/1990,13:10:12,52.117,-169.236,Earthquake,33,5.5
1/20/1990,16:59:01,-6.082,-81.224,Earthquake,25.5,5.5
2/11/1990,17:46:06,36.331,140.916,Earthquake,46.4,5.7
2/25/1990,22:51:09,-18.042,-69.135,Earthquake,141.4,5.7
3/12/1990,13:32:55,-3.158,128.838,Earthquake,26.2,5.5
3/25/1990,21:35:24,9.591,-84.659,Earthquake,40.8,5.7
4/6/1990,6:17:43,15.536,147.463,Earthquake,36.3,5.5
4/18/1990,18:33:00,1.315,123.018,Earthquake,19.1,6.5
4/30/1990,18:08:30,-25.14,-112.481,Earthquake,10,5.6
5/15/1990,14:25:21,36.043,70.428,Earthquake,113.1,6
5/24/1990,20:00:08,5.358,31.848,Earthquake,16,7.1
6/7/1990,23:40:25,-1.211,-24.419,Earthquake,10,5.6
6/20/1990,15:17:28,-1.12,126.816,Earthquake,24.2,5.6
7/6/1990,13:39:32,1.056,121.5,Earthquake,30.3,5.6
7/16/1990,9:29:07,16.385,120.412,Earthquake,18.2,5.6
7/27/1990,12:38:00,-15.355,167.464,Earthquake,125.7,7.2
8/12/1990,0:35:03,0.964,-28.808,Earthquake,10,5.5
8/24/1990,16:24:39,-4.455,144.508,Earthquake,214.3,5.5
9/8/1990,18:51:45,-24.449,-177.227,Earthquake,132.1,5.7
9/23/1990,17:54:03,-17.732,167.612,Earthquake,10,6.4
10/13/1990,0:20:23,15.724,147.931,Earthquake,36.8,5.9
10/31/1990,14:39:27,-26.634,-70.481,Earthquake,59.9,5.6
11/15/1990,5:18:46,3.909,97.291,Earthquake,53.5,5.6
12/2/1990,8:44:02,-26.722,-114.127,Earthquake,10,5.9
12/16/1990,15:45:41,41.361,43.715,Earthquake,33,5.5
12/24/1990,10:12:13,-5.376,151.49,Earthquake,53,5.9
1/5/1991,14:57:12,23.613,95.901,Earthquake,19.7,7
1/23/1991,1:12:30,51.965,178.838,Earthquake,108.4,6.4
2/10/1991,12:42:38,8.745,-39.854,Earthquake,10,6.2
2/24/1991,11:04:16,-15.125,-173.384,Earthquake,33,5.7
3/11/1991,21:15:56,-51.154,29.255,Earthquake,10,6.4
4/1/1991,5:25:27,-4.919,152.018,Earthquake,89.7,5.8
4/18/1991,9:18:30,37.457,68.273,Earthquake,33,5.5
4/30/1991,12:36:51,-6.386,147.213,Earthquake,59.1,5.7
5/13/1991,16:28:15,-3.463,82.824,Earthquake,21.8,6
6/9/1991,20:39:34,12.627,95.11,Earthquake,24.3,5.5
6/20/1991,6:27:24,1.173,122.882,Earthquake,20.7,5.6
7/6/1991,15:08:25,2.534,126.623,Earthquake,95.6,5.5
7/25/1991,15:25:30,17.818,-95.046,Earthquake,127.4,5.7
8/15/1991,12:16:15,-45.815,-72.299,Earthquake,10,5.7
9/1/1991,6:51:05,78.967,3.604,Earthquake,10,5.6
9/30/1991,0:21:46,-20.878,-178.591,Earthquake,566.4,7
10/18/1991,17:22:55,-24.295,-177.561,Earthquake,197.5,6.5
11/4/1991,1:50:32,30.666,50.218,Earthquake,38.5,5.6
11/21/1991,12:38:29,5.782,126.832,Earthquake,73.3,6.3
12/12/1991,6:13:01,-18.178,168.026,Earthquake,33,5.6
12/19/1991,4:44:08,48.938,-128.71,Earthquake,10,5.6
12/29/1991,18:39:09,-4.421,132.727,Earthquake,36.7,6.4
2/1/1992,19:04:05,35.106,139.644,Earthquake,100,5.8
2/17/1992,4:42:08,-21.647,170.412,Earthquake,137.2,6.2
3/5/1992,8:55:06,11.513,42.812,Earthquake,7.4,6.2
3/24/1992,22:47:07,3.613,127.008,Earthquake,53.4,6
4/5/1992,11:46:35,-11.938,166.324,Earthquake,48.5,6.1
4/20/1992,2:36:37,-22.218,170.508,Earthquake,23.9,5.7
5/3/1992,2:02:57,-15.414,-175.146,Earthquake,20.2,5.5
5/17/1992,9:49:19,7.239,126.645,Earthquake,32.8,7.1
5/23/1992,10:30:36,13.479,-89.997,Earthquake,75,6
6/2/1992,20:03:21,-16.075,92.787,Earthquake,23.7,5.9
6/15/1992,14:16:50,-60.774,154.04,Earthquake,33,5.7
6/28/1992,12:00:45,34.131,-116.408,Earthquake,-1.1,5.77
7/15/1992,6:34:17,1.331,123.19,Earthquake,44.1,5.6
7/18/1992,20:55:12,39.611,143.283,Earthquake,24.5,5.6
8/1/1992,18:19:03,-21.344,-179.189,Earthquake,633.9,5.8
8/13/1992,20:43:00,-6.103,148.875,Earthquake,44.5,6.2
8/30/1992,20:09:06,-17.918,-178.71,Earthquake,565,6.4
9/10/1992,22:09:48,-22.601,-175.098,Earthquake,38,5.6
9/25/1992,20:06:46,-54.401,-27.643,Earthquake,41.6,5.6
10/6/1992,10:28:23,-5.425,151.175,Earthquake,49.5,6.2
10/20/1992,4:40:02,55.52,166.303,Earthquake,27,6
10/29/1992,7:24:28,-6.72,154.684,Earthquake,74,5.5
11/11/1992,0:31:26,-7.325,156.216,Earthquake,25.6,5.5
11/25/1992,10:03:32,2.497,128.548,Earthquake,29.8,5.5
12/11/1992,2:22:52,-17.523,167.961,Earthquake,33.1,5.7
12/23/1992,3:00:45,-6.541,130.417,Earthquake,101.7,5.8
1/7/1993,7:42:26,0.136,-16.972,Earthquake,10,5.7
1/19/1993,23:06:10,1.221,126.072,Earthquake,26.5,5.9
2/7/1993,13:27:42,37.634,137.245,Earthquake,10.6,6.6
3/2/1993,6:12:06,-6.274,147.258,Earthquake,64.3,5.6
3/15/1993,16:08:58,-26.708,-70.918,Earthquake,28.9,6.7
4/1/1993,6:11:16,-19.923,-177.538,Earthquake,406,5.7
4/19/1993,21:01:49,4.015,128.204,Earthquake,23.6,6.8
5/11/1993,18:26:51,7.219,126.57,Earthquake,58.7,7
5/19/1993,12:03:28,-8.347,121.992,Earthquake,39.7,5.6
6/1/1993,15:53:47,-45.711,-77.211,Earthquake,33,5.9
6/13/1993,0:39:10,-6.38,155.476,Earthquake,194,5.6
7/5/1993,0:52:41,-24.886,-112.393,Earthquake,10,5.9
7/17/1993,1:35:40,-30,-71.591,Earthquake,51.9,5.7
8/4/1993,11:31:18,-1.629,99.615,Earthquake,31.6,6.5
8/15/1993,3:32:40,-36.014,179.892,Earthquake,26.4,5.6
9/3/1993,3:16:07,14.428,-92.732,Earthquake,62.9,5.5
9/13/1993,12:37:52,-29.492,-177.136,Earthquake,19.7,6.3
9/21/1993,3:28:56,42.3161667,-122.0266667,Earthquake,8.56,5.9
10/2/1993,17:23:33,38.171,88.69,Earthquake,14.3,5.6
10/19/1993,9:47:12,-5.163,151.901,Earthquake,44.3,5.5
11/7/1993,6:11:45,-21.983,-177.506,Earthquake,117.9,5.5
11/25/1993,8:31:15,-22.035,170.094,Earthquake,32.4,6
12/10/1993,8:59:36,20.912,121.282,Earthquake,12,6.1
1/3/1994,1:26:11,49.721,-126.768,Earthquake,19.4,5.7
1/17/1994,23:33:31,34.326,-118.698,Earthquake,9.083,5.58
2/5/1994,23:49:14,51.808,-170.145,Earthquake,33,5.7
2/16/1994,6:48:58,-18.991,168.134,Earthquake,13.3,6.4
2/25/1994,0:40:29,-17.42,-174.271,Earthquake,120.5,5.7
3/17/1994,11:28:03,24.054,122.367,Earthquake,38,5.6
4/10/1994,23:45:56,23.71,126.852,Earthquake,10.2,6.1
4/23/1994,15:09:09,-14.196,167.609,Earthquake,33,5.5
5/7/1994,12:44:14,-15.3,-173.356,Earthquake,57.9,5.5
5/22/1994,2:57:15,-24.232,-66.852,Earthquake,192.2,5.5
5/30/1994,18:35:47,-10.289,-108.354,Earthquake,10,5.6
6/8/1994,20:53:26,16.791,-85.89,Earthquake,10,5.5
6/19/1994,13:43:51,-43.273,171.611,Earthquake,10,6
7/6/1994,9:13:10,5.983,125.929,Earthquake,151,5.9
7/23/1994,12:58:01,-15.788,-173.03,Earthquake,41.4,5.9
8/8/1994,7:55:39,-13.817,-68.369,Earthquake,597.9,5.6
8/19/1994,10:02:52,-26.642,-63.421,Earthquake,563.6,6.5
9/1/1994,15:38:55,-10.944,166.246,Earthquake,151.9,5.9
9/13/1994,4:28:01,29.287,129.91,Earthquake,34.3,6.1
10/1/1994,17:46:38,-17.768,167.83,Earthquake,33,6.2
10/5/1994,20:39:48,43.954,147.336,Earthquake,40,6.1
10/16/1994,5:10:01,45.749,149.167,Earthquake,116.6,6.7
11/3/1994,3:07:22,-10.931,166.247,Earthquake,155.8,5.8
11/21/1994,8:16:34,25.54,96.657,Earthquake,14,5.9
12/14/1994,22:20:02,-8.485,-80.185,Earthquake,33,5.6
12/28/1994,22:23:56,-32.961,179.862,Earthquake,54.4,5.7
1/11/1995,7:48:23,41.934,142.484,Earthquake,57.2,5.6
1/21/1995,7:30:23,2.563,126.882,Earthquake,42.2,6.2
2/4/1995,17:25:02,-13.908,66.082,Earthquake,10,5.5
2/13/1995,12:29:53,-1.31,127.429,Earthquake,17.2,6.3
2/25/1995,6:09:31,-26.662,-112.629,Earthquake,10,5.6
3/20/1995,8:14:52,-8.012,116.494,Earthquake,231.8,5.8
4/3/1995,12:50:43,0.698,-26.129,Earthquake,10,5.9
4/16/1995,13:23:48,-9.796,159.578,Earthquake,20.9,5.6
4/23/1995,6:38:11,5.954,123.818,Earthquake,530.5,6.1
5/5/1995,16:08:12,-15.824,-172.798,Earthquake,33,5.6
5/17/1995,3:58:14,-22.888,170.167,Earthquake,31.2,5.5
5/24/1995,20:21:25,12.263,125.701,Earthquake,31.5,5.9
6/9/1995,4:32:26,-3.676,131.235,Earthquake,33,5.6
6/25/1995,6:59:06,24.6,121.7,Earthquake,52.4,6
7/7/1995,10:40:04,-53.449,9.114,Earthquake,10,5.7
7/19/1995,13:28:26,-4.625,153.237,Earthquake,30.8,5.8
7/30/1995,21:05:48,-23.347,-70.609,Earthquake,13.9,6.2
8/16/1995,1:22:38,-23.631,179.054,Earthquake,540.1,5.7
8/17/1995,18:09:58,-6.079,154.394,Earthquake,22.3,5.8
8/28/1995,10:46:12,26.092,-110.284,Earthquake,12.2,6.6
9/17/1995,17:09:21,-17.093,66.707,Earthquake,8.3,6
9/29/1995,4:09:24,-20.884,-174.147,Earthquake,33,5.5
10/7/1995,21:28:03,-2.775,-77.823,Earthquake,12.3,5.8
10/19/1995,2:41:36,28.094,130.148,Earthquake,19.7,6.8
11/1/1995,0:35:33,-28.906,-71.417,Earthquake,19.9,6.7
11/20/1995,0:52:44,-24.742,-175.946,Earthquake,33,5.6
12/2/1995,17:13:19,44.505,149.237,Earthquake,18.1,6.6
12/5/1995,14:54:45,1.599,127.331,Earthquake,99.1,5.8
12/17/1995,23:48:31,52.665,-32.113,Earthquake,10,5.5
1/1/1996,8:05:11,0.729,119.931,Earthquake,24,7.9
1/18/1996,20:02:05,-58.277,157.885,Earthquake,10,5.5
2/6/1996,17:58:58,0.986,120.115,Earthquake,33,5.7
2/17/1996,13:25:38,-6.191,154.755,Earthquake,57.4,5.5
2/25/1996,9:17:57,16.122,-97.93,Earthquake,12.3,6.2
3/7/1996,9:32:47,-2.099,124.622,Earthquake,33,5.5
3/22/1996,17:31:06,-35.241,-179.212,Earthquake,33,5.8
3/31/1996,23:41:43,-11.178,165.644,Earthquake,33,6
4/19/1996,0:19:31,-23.944,-70.093,Earthquake,49.5,6.6
5/2/1996,13:34:29,-4.548,154.833,Earthquake,500,6.6
5/26/1996,1:43:45,-22.191,171.475,Earthquake,108.2,6.2
6/10/1996,1:04:47,-13.481,167.13,Earthquake,200.1,6.7
6/19/1996,13:03:03,43.366,147.783,Earthquake,33,5.6
7/6/1996,5:03:34,2.973,128.354,Earthquake,33,5.6
7/25/1996,12:49:37,-50.149,-113.538,Earthquake,10,6.1
8/10/1996,6:23:09,24.041,122.598,Earthquake,45.7,5.7
8/20/1996,17:19:57,5.369,-82.637,Earthquake,10,5.9
9/3/1996,0:11:32,-7.172,155.669,Earthquake,33,5.5
9/9/1996,3:21:47,-35.402,-104.642,Earthquake,10,5.8
9/20/1996,4:11:05,9.454,126.334,Earthquake,33,6.6
10/1/1996,19:09:03,26.475,-110.862,Earthquake,10,5.5
10/14/1996,0:07:58,-7.228,155.488,Earthquake,33,5.9
10/24/1996,19:31:54,66.986,-173.229,Earthquake,19.9,6.1
11/7/1996,3:10:58,-16.082,-177.724,Earthquake,33,5.5
11/14/1996,13:47:38,-21.237,-176.621,Earthquake,191.6,6.2
11/30/1996,22:14:31,-18.41,-177.774,Earthquake,600,5.5
12/14/1996,21:15:36,12.727,-88.789,Earthquake,33,5.7
1/1/1997,22:32:32,-0.127,123.823,Earthquake,115.4,5.8
1/23/1997,2:15:23,-21.999,-65.719,Earthquake,276.2,7.1
2/24/1997,16:58:30,-11.569,165.753,Earthquake,33,5.5
3/11/1997,19:21:23,8.134,126.345,Earthquake,88.4,5.7
3/26/1997,8:31:47,31.92,130.429,Earthquake,10,6.1
4/8/1997,15:23:45,18.629,-106.41,Earthquake,33,5.6
4/21/1997,12:11:28,-13.5,166.541,Earthquake,33,6.2
4/28/1997,12:07:38,-42.504,42.686,Earthquake,10,6.8
5/13/1997,5:38:30,31.824,130.281,Earthquake,33,6.1
5/27/1997,6:10:32,-54.925,-136.17,Earthquake,10,6.1
6/17/1997,22:14:17,-27.744,-64.753,Earthquake,28.2,5.6
7/8/1997,2:24:07,23.799,142.696,Earthquake,33,5.8
7/27/1997,10:07:53,35.582,21.064,Earthquake,33,5.8
8/18/1997,14:37:49,-16.678,-173.177,Earthquake,33,5.5
9/4/1997,20:52:58,-3.482,151.39,Earthquake,365.6,5.7
9/25/1997,14:20:49,-13.761,66.248,Earthquake,10,6
10/6/1997,12:30:06,9.79,125.779,Earthquake,105.6,6.5
10/17/1997,15:02:00,-20.888,-178.839,Earthquake,578.9,6
11/3/1997,19:17:59,-6.736,129.021,Earthquake,215.6,6.1
11/15/1997,10:56:43,-16.169,-176.064,Earthquake,362.7,5.6
11/29/1997,14:18:56,11.224,-86.369,Earthquake,33,5.7
12/7/1997,23:05:51,53.693,161.909,Earthquake,33,5.6
12/18/1997,5:46:57,-1.954,99.618,Earthquake,33,5.7
1/4/1998,6:11:59,-22.301,170.911,Earthquake,100.6,7.5
1/19/1998,12:30:06,-0.653,-20.109,Earthquake,10,5.7
1/31/1998,23:30:42,-35.763,-97.058,Earthquake,10,6
2/20/1998,12:18:06,36.479,71.086,Earthquake,235.6,6.4
3/19/1998,13:51:34,39.977,76.731,Earthquake,33,5.6
4/1/1998,21:37:50,35.377,-35.787,Earthquake,10,5.8
4/20/1998,10:54:10,-17.858,-173.191,Earthquake,33,5.6
5/13/1998,13:05:06,-5.776,153.804,Earthquake,62.5,5.5
5/27/1998,20:41:38,52.239,159.526,Earthquake,60.1,6
6/17/1998,18:49:03,-6.031,130.163,Earthquake,147.5,5.6
7/12/1998,0:14:05,-18.275,168.22,Earthquake,33,5.5
7/31/1998,12:41:00,-21.614,169.82,Earthquake,33,6.1
8/20/1998,6:40:56,28.932,139.329,Earthquake,440.5,7.1
9/3/1998,17:37:58,-29.45,-71.715,Earthquake,27,6.6
9/20/1998,7:14:33,-35.586,179.958,Earthquake,75.5,5.6
10/4/1998,13:41:10,-8.464,-76.38,Earthquake,33,5.5
10/27/1998,21:16:21,2.921,128.623,Earthquake,60.7,5.9
11/15/1998,4:51:42,-4.075,-104.181,Earthquake,10,5.5
12/2/1998,7:11:04,-33.457,-109.346,Earthquake,10,5.7
12/26/1998,15:39:08,-1.364,123.644,Earthquake,33,6.1
1/24/1999,7:01:58,-21.132,-174.659,Earthquake,33,6.1
2/3/1999,6:35:57,-6.19,104.222,Earthquake,33,5.8
2/22/1999,1:00:33,-21.452,169.682,Earthquake,33,6.4
3/5/1999,13:01:11,5.255,122.168,Earthquake,33,5.9
3/27/1999,8:03:45,-9.682,112.79,Earthquake,33,5.6
4/8/1999,11:30:16,-0.155,122.909,Earthquake,91.8,5.5
5/2/1999,16:13:51,56.794,-34.268,Earthquake,10,5.6
5/16/1999,0:51:20,-4.751,152.486,Earthquake,73.7,7.1
6/6/1999,7:08:06,13.897,-90.768,Earthquake,33,6.3
6/26/1999,21:54:11,30.098,69.444,Earthquake,33,5.6
7/13/1999,13:02:31,13.749,-90.42,Earthquake,70,5.6
8/1/1999,16:06:21,37.53,-116.968,Earthquake,6.037,5.94
8/17/1999,0:01:39,40.748,29.864,Earthquake,17,7.6
9/8/1999,0:29:01,7.138,123.678,Earthquake,117.9,5.5
9/20/1999,17:47:32,23.602,120.966,Earthquake,25,6.3
10/7/1999,4:50:17,52.243,-177.72,Earthquake,148.9,5.5
10/25/1999,0:01:20,-19.442,-173.88,Earthquake,33,5.9
11/15/1999,1:34:36,38.304,142.309,Earthquake,50.6,5.7
11/26/1999,19:36:09,-16.426,168.05,Earthquake,33,5.5
12/5/1999,16:21:51,57.812,-32.728,Earthquake,10,5.5
12/16/1999,14:17:55,-50.149,138.989,Earthquake,10,6
12/28/1999,16:51:25,1.674,128.288,Earthquake,65.5,5.7
1/6/2000,10:42:25,58.04,-136.87,Earthquake,1,6.1
1/17/2000,21:18:05,-14.512,-177.596,Earthquake,33,5.8
1/28/2000,22:42:26,-1.347,89.083,Earthquake,10,5.5
2/22/2000,2:37:55,21.611,143.631,Earthquake,33,5.5
3/7/2000,5:48:19,-49.162,164.669,Earthquake,10,5.5
3/28/2000,11:00:23,22.338,143.73,Earthquake,126.5,7.6
4/18/2000,6:23:16,4.022,128.455,Earthquake,33,5.7
5/4/2000,23:24:38,17.513,147.629,Earthquake,33,5.5
5/22/2000,13:15:09,-4.096,-81.096,Earthquake,33,5.8
6/7/2000,16:45:37,4.943,126.82,Earthquake,86.1,5.5
6/14/2000,3:19:18,-24.032,-66.747,Earthquake,196.5,5.9
6/29/2000,4:02:37,34.056,139.561,Earthquake,10,5.5
7/15/2000,3:58:10,-54.104,7.939,Earthquake,10,5.7
7/26/2000,5:37:42,0.778,-26.038,Earthquake,10,5.5
8/5/2000,8:30:10,-6.377,130.209,Earthquake,140.5,5.5
8/19/2000,17:26:28,43.816,147.167,Earthquake,62.4,5.7
9/2/2000,10:19:13,-17.917,-178.325,Earthquake,587.5,5.7
9/16/2000,11:03:20,0.253,122.073,Earthquake,211.2,5.5
10/4/2000,3:59:12,-55.432,-128.081,Earthquake,10,5.8
10/21/2000,5:25:15,-17.286,-175.176,Earthquake,291.8,6.3
10/29/2000,8:37:09,-4.766,153.945,Earthquake,50,7
11/7/2000,16:31:38,-55.136,-29.617,Earthquake,33,5.5
11/16/2000,5:16:33,-14.631,166.702,Earthquake,33,5.7
11/17/2000,4:22:56,-6.268,153.366,Earthquake,33,5.7
11/21/2000,21:21:05,-5.43,152.688,Earthquake,33,6.1
12/6/2000,17:11:06,39.566,54.799,Earthquake,30,7
12/19/2000,8:50:19,-17.571,167.721,Earthquake,33,5.7
12/27/2000,7:26:32,-4.228,152.73,Earthquake,33,5.8
1/11/2001,19:59:40,-18.785,-176.734,Earthquake,10,5.9
1/19/2001,8:10:15,-11.662,166.38,Earthquake,50,6.3
2/2/2001,8:10:41,12.819,-88.969,Earthquake,54.4,5.7
2/19/2001,14:31:55,-45.097,-79.284,Earthquake,10,5.8
2/28/2001,13:21:29,-22.09,169.992,Earthquake,10,5.6
3/17/2001,7:24:25,46.691,151.298,Earthquake,103.1,5.5
4/8/2001,11:57:25,-4.381,102.199,Earthquake,64.9,5.5
4/25/2001,4:54:27,-7.51,155.923,Earthquake,10,5.5
5/16/2001,0:26:22,-4.236,143.422,Earthquake,133,5.5
6/5/2001,9:20:12,-6.731,146.557,Earthquake,10,5.5
6/23/2001,14:34:19,1.443,125.691,Earthquake,70.3,5.7
6/27/2001,0:21:07,-17.887,-71.529,Earthquake,33,5.5
7/12/2001,6:12:17,-7.429,-13.378,Earthquake,10,5.7
8/2/2001,23:41:06,56.26,163.79,Earthquake,14,6.3
8/16/2001,18:50:19,-36.71,78.667,Earthquake,10,5.5
9/11/2001,9:13:26,14.995,-91.571,Earthquake,161.1,5.6
9/25/2001,11:21:48,46.591,150.785,Earthquake,126,5.5
10/12/2001,5:02:34,52.63,-132.2,Earthquake,20,6.1
10/28/2001,17:58:28,51.434,-174.94,Earthquake,33,5.6
11/18/2001,21:59:53,35.726,93.691,Earthquake,10,5.6
12/7/2001,19:11:32,-5.645,130.742,Earthquake,111.3,5.6
12/27/2001,10:54:52,-14.647,167.262,Earthquake,153.2,6.2
1/6/2002,18:49:23,12.538,-87.672,Earthquake,59.1,5.6
1/21/2002,16:49:42,-21.542,170.122,Earthquake,33,5.5
2/9/2002,16:56:08,46.083,142.719,Earthquake,348.9,5.5
3/1/2002,6:57:49,52.697,-166.695,Earthquake,33,5.5
3/16/2002,20:50:02,-6.196,151.405,Earthquake,33,5.6
3/28/2002,5:50:38,22.603,-45.164,Earthquake,10,5.5
4/20/2002,15:59:58,-16.382,173.259,Earthquake,33,6
5/8/2002,19:45:19,53.813,160.774,Earthquake,39,5.9
5/25/2002,5:36:32,53.815,-161.116,Earthquake,33,6.4
6/14/2002,2:11:37,7.593,124.022,Earthquake,33,5.6
6/27/2002,7:16:10,-13.275,167.051,Earthquake,186.7,6
7/25/2002,12:31:01,43.661,147.548,Earthquake,33,5.7
8/10/2002,15:56:02,13.654,39.813,Earthquake,10,5.7
8/24/2002,20:21:30,-3.284,135.795,Earthquake,33,5.8
9/9/2002,4:03:28,-2.945,143.023,Earthquake,10,5.6
9/24/2002,3:57:22,-31.519,-69.2,Earthquake,119.6,6.3
10/7/2002,20:03:55,58.311,-31.946,Earthquake,10,5.7
10/18/2002,11:16:48,-57.185,-142.751,Earthquake,10,6.1
11/2/2002,4:47:42,12.701,92.856,Earthquake,33,5.8
11/15/2002,19:58:32,-56.051,-36.404,Earthquake,10,6.6
12/4/2002,11:30:54,19.379,94.513,Earthquake,53.5,5.6
12/23/2002,13:46:11,16.957,-85.578,Earthquake,33,6
1/9/2003,2:50:46,-19.664,-176.295,Earthquake,10,6
1/22/2003,20:15:35,18.737,-104.467,Earthquake,10,5.5
2/14/2003,10:28:59,28.046,56.818,Earthquake,37.7,5.6
3/7/2003,12:23:10,0.855,-26.9,Earthquake,10,5.5
3/20/2003,16:33:11,-10.211,117.185,Earthquake,33.6,5.6
4/7/2003,2:12:16,-21.068,174.066,Earthquake,33,5.8
4/27/2003,22:57:45,-8.195,-71.592,Earthquake,559.9,6
5/12/2003,3:03:05,1.142,98.911,Earthquake,77.6,5.5
5/26/2003,19:23:28,2.354,128.855,Earthquake,31,7
6/12/2003,18:43:33,13.17,120.514,Earthquake,46.4,5.5
7/1/2003,17:00:23,12.803,124.898,Earthquake,33,6
7/15/2003,18:46:38,-3.828,152.174,Earthquake,33,6.5
7/26/2003,23:19:35,-18.478,168.515,Earthquake,33,5.5
8/11/2003,13:40:20,-56.906,147.611,Earthquake,10,6
8/27/2003,14:40:42,43.741,-28.922,Earthquake,10,5.5
9/6/2003,2:08:14,-4.623,-106.045,Earthquake,10,6.1
9/20/2003,17:38:34,-55.879,-27.909,Earthquake,116.8,5.5
9/27/2003,22:12:01,28.827,128.393,Earthquake,10,5.7
10/9/2003,6:52:57,41.471,143.508,Earthquake,33,5.6
10/25/2003,12:47:59,38.383,100.975,Earthquake,10,5.8
11/11/2003,15:39:34,-30.659,-179.376,Earthquake,33,6.1
11/23/2003,18:06:05,-15.883,-173.851,Earthquake,97.6,5.7
12/10/2003,15:51:39,17.642,120.892,Earthquake,33,5.5
12/26/2003,1:56:52,28.995,58.311,Earthquake,10,6.6
1/3/2004,8:09:04,-22.163,169.55,Earthquake,10,6.1
1/15/2004,6:48:57,-6.083,149.684,Earthquake,58.9,5.6
1/29/2004,3:52:52,-50.206,-114.78,Earthquake,10,6.1
2/12/2004,13:47:33,-19.226,-173.518,Earthquake,21.2,5.8
3/2/2004,3:47:22,11.61,-86.767,Earthquake,28,6.2
3/14/2004,16:30:42,-17.267,-172.316,Earthquake,12,6.1
3/31/2004,3:23:23,-25.184,-67.545,Earthquake,129.5,5.5
4/14/2004,1:33:05,-17.848,-174.559,Earthquake,143.5,6
4/24/2004,7:44:11,-21.899,-174.822,Earthquake,8,6.1
5/7/2004,1:26:42,-21.988,170.276,Earthquake,14,6.3
5/27/2004,10:10:36,6.591,126.411,Earthquake,62.9,5.7
6/10/2004,20:33:06,-30.257,-178.702,Earthquake,143.1,5.6
7/1/2004,19:28:45,-5.91,148.662,Earthquake,56.9,5.6
7/22/2004,9:45:15,26.489,128.894,Earthquake,20.9,6.1
8/7/2004,9:30:17,51.753,-166.313,Earthquake,8,6
8/29/2004,22:08:34,-62.62,165.248,Earthquake,10,5.5
9/6/2004,23:29:35,33.205,137.227,Earthquake,10,6.6
9/19/2004,22:59:54,-12.925,166.793,Earthquake,114.7,5.5
10/8/2004,8:27:54,-10.951,162.161,Earthquake,36,6.8
10/23/2004,9:03:13,37.318,138.816,Earthquake,10.5,6.1
11/2/2004,8:45:56,28.702,143.214,Earthquake,10,5.7
11/11/2004,21:26:41,-8.152,124.868,Earthquake,10,7.5
11/21/2004,11:07:14,-15.403,-174.908,Earthquake,256.1,6
12/6/2004,16:26:29,-18.481,-178.076,Earthquake,439.2,6.1
12/21/2004,15:34:28,42.955,145.414,Earthquake,37.4,5.6
12/26/2004,2:38:09,8.493,92.353,Earthquake,33.2,5.6
12/26/2004,9:20:02,8.879,92.375,Earthquake,16.1,6.6
12/27/2004,6:59:15,3.033,95.538,Earthquake,27.2,5.6
12/29/2004,21:12:59,5.23,94.625,Earthquake,29.5,5.6
1/6/2005,0:04:10,19.638,-109.108,Earthquake,10,5.5
1/18/2005,14:09:06,42.946,144.866,Earthquake,42,6.3
1/26/2005,17:30:29,8.25,94.038,Earthquake,23.3,5.6
1/29/2005,20:28:23,7.909,94.386,Earthquake,30,5.6
2/8/2005,14:48:22,-14.252,167.259,Earthquake,206.3,6.7
2/19/2005,0:04:44,-5.562,122.129,Earthquake,10,6.5
3/4/2005,19:05:20,2.67,126.407,Earthquake,59.1,5.9
3/17/2005,23:20:49,4.863,95.089,Earthquake,60.4,5.7
3/29/2005,5:16:30,2.648,96.581,Earthquake,30,5.9
4/8/2005,1:51:39,0.679,97.38,Earthquake,30,5.7
4/11/2005,17:08:54,-21.975,170.612,Earthquake,68,6.7
5/5/2005,19:12:21,5.71,-82.845,Earthquake,18,6.5
5/26/2005,10:08:27,5.691,93.215,Earthquake,30,5.7
6/10/2005,17:42:42,1.813,97.089,Earthquake,25,5.5
6/23/2005,12:44:39,-29.261,-112.51,Earthquake,10,5.5
7/11/2005,12:01:35,-23.818,-111.68,Earthquake,10,5.7
7/26/2005,4:08:37,45.365,-112.615,Earthquake,12.9,5.6
8/7/2005,14:41:01,-14.435,-177.242,Earthquake,10,5.8
8/27/2005,18:38:21,6.817,-82.432,Earthquake,10,6.1
9/9/2005,19:55:22,-56.038,-27.905,Earthquake,142.8,5.6
9/30/2005,23:15:20,-5.668,151.683,Earthquake,25,5.8
10/9/2005,8:30:01,34.67,73.182,Earthquake,7,5.7
10/22/2005,12:16:36,-5.824,129.996,Earthquake,15,5.7
11/11/2005,14:58:50,-55.698,-27.063,Earthquake,28.8,5.9
11/27/2005,16:30:38,26.842,55.806,Earthquake,10,5.5
12/11/2005,6:26:35,15.272,-45.835,Earthquake,10,5.7
1/1/2006,8:47:13,4.735,95.144,Earthquake,51.5,5.5
1/23/2006,6:02:58,-17.391,167.715,Earthquake,23,6.4
2/8/2006,5:04:54,-54.502,143.812,Earthquake,10,5.9
3/1/2006,11:04:12,13.459,120.515,Earthquake,22.3,5.8
3/15/2006,5:27:54,-16.871,167.242,Earthquake,29.9,5.6
3/28/2006,13:32:48,31.713,137.746,Earthquake,401,5.9
4/10/2006,6:26:13,7.511,-36.93,Earthquake,10,5.7
4/22/2006,7:21:58,61.197,167.323,Earthquake,12,5.5
5/3/2006,15:26:40,-20.187,-174.123,Earthquake,55,8
5/17/2006,3:06:16,-20.634,-173.952,Earthquake,11,6
5/29/2006,14:10:50,-41.948,88.458,Earthquake,10,5.6
6/20/2006,10:02:08,51.582,-130.473,Earthquake,10,5.6
7/5/2006,10:19:23,-4.359,151.859,Earthquake,185.6,5.5
7/17/2006,10:44:32,-9.094,107.68,Earthquake,10,5.5
7/27/2006,11:16:40,1.707,97.146,Earthquake,20,6.3
8/15/2006,5:43:21,-9.273,150.481,Earthquake,10,5.7
8/31/2006,8:08:27,-0.267,125.061,Earthquake,36,5.8
9/18/2006,3:45:57,51.596,-173.961,Earthquake,18,5.8
10/6/2006,5:08:54,-41.189,80.641,Earthquake,10,5.7
10/18/2006,10:45:33,-15.053,167.266,Earthquake,115,6.4
11/7/2006,13:25:36,-21.729,-68.204,Earthquake,121.3,5.8
11/15/2006,11:33:24,46.862,153.731,Earthquake,10,5.5
11/17/2006,6:33:49,47.017,155.526,Earthquake,10,5.6
11/29/2006,23:08:16,-25.371,179.661,Earthquake,498.8,5.5
12/12/2006,23:08:36,-41.392,-86.003,Earthquake,10,5.5
12/26/2006,22:38:10,-54.832,147.54,Earthquake,10,5.7
1/16/2007,18:06:18,2.61,126.238,Earthquake,64.3,5.6
1/23/2007,4:37:19,-6.821,130.031,Earthquake,112.7,5.7
2/4/2007,22:52:54,-55.791,-123.448,Earthquake,10,5.6
2/18/2007,21:37:45,6.336,-82.706,Earthquake,26.4,5.7
3/4/2007,11:26:12,33.79,-38.473,Earthquake,10,5.6
3/13/2007,5:50:15,4.174,126.755,Earthquake,71.9,5.5
3/29/2007,14:40:44,-31.591,-71.837,Earthquake,25.1,5.6
4/2/2007,4:11:39,-7.174,156.051,Earthquake,10,5.6
4/4/2007,0:39:44,-7.141,156.047,Earthquake,10,6
4/12/2007,18:24:49,-61.828,160.96,Earthquake,10,6
4/25/2007,11:52:56,7.4,126.44,Earthquake,27.1,5.7
5/7/2007,11:15:16,-44.85,-80.453,Earthquake,10,6.1
5/24/2007,1:06:59,-9.228,157.433,Earthquake,10,5.5
6/11/2007,17:13:44,-35.687,-16.144,Earthquake,10,5.5
6/24/2007,0:25:18,-55.645,-2.626,Earthquake,10,6.5
7/16/2007,1:13:22,37.535,138.446,Earthquake,12,6.6
7/26/2007,5:40:16,2.872,127.464,Earthquake,25,6.9
8/2/2007,15:11:43,-21.555,-179.361,Earthquake,617.7,5.6
8/16/2007,4:04:09,-13.583,-76.587,Earthquake,36,5.6
8/20/2007,22:42:29,8.037,-39.251,Earthquake,6,6.5
9/12/2007,14:40:06,-3.158,101.463,Earthquake,35,5.9
9/19/2007,7:27:51,-2.746,100.892,Earthquake,35,6
9/28/2007,8:21:22,-21.238,169.407,Earthquake,10,5.5
10/6/2007,12:38:49,18.73,147.148,Earthquake,20,6.1
10/25/2007,3:44:41,-6.317,154.827,Earthquake,54.6,5.6
11/7/2007,7:10:22,22.15,92.388,Earthquake,28.7,5.5
11/19/2007,0:52:13,-21.185,-178.752,Earthquake,558.3,6.3
11/25/2007,19:53:05,-8.224,118.467,Earthquake,18,6.5
12/9/2007,7:28:21,-25.996,-177.514,Earthquake,152.5,7.8
12/21/2007,3:10:57,-57.72,-141.447,Earthquake,10,5.6
1/5/2008,7:29:33,-22.82,-68.484,Earthquake,103,5.7
1/20/2008,20:26:05,2.346,126.816,Earthquake,35,6.1
2/7/2008,7:50:55,1.228,122.653,Earthquake,35.6,5.8
2/21/2008,23:55:36,-2.323,99.88,Earthquake,24,5.7
3/3/2008,17:48:32,-4.467,101.452,Earthquake,27.5,5.6
3/24/2008,20:39:08,-20.043,-68.963,Earthquake,120,6.2
4/9/2008,11:23:40,-20.185,168.905,Earthquake,35,6.3
4/16/2008,5:54:20,51.878,-179.165,Earthquake,13,6.6
4/29/2008,5:26:05,41.452,142.03,Earthquake,46.7,5.8
5/14/2008,21:47:40,-56.771,-142.309,Earthquake,10,5.7
5/27/2008,5:51:12,-56.597,147.41,Earthquake,10,5.9
6/6/2008,20:02:57,35.883,-0.658,Earthquake,4,5.5
6/25/2008,23:37:12,41.937,142.486,Earthquake,55.6,5.5
7/13/2008,14:58:33,21.014,121.149,Earthquake,14,6.2
7/25/2008,0:29:23,51.279,178.982,Earthquake,21,5.9
8/9/2008,15:18:17,51.504,-178.441,Earthquake,58.2,5.5
8/25/2008,11:25:19,-39.715,176.851,Earthquake,31.8,5.5
9/5/2008,19:07:38,-1.171,-13.955,Earthquake,10,5.8
9/16/2008,11:15:41,-8.779,126.844,Earthquake,35,5.7
10/4/2008,11:47:06,-38.885,-91.23,Earthquake,10,5.5
10/20/2008,4:54:19,0.109,120.681,Earthquake,96,5.9
11/3/2008,19:21:58,1.145,97.253,Earthquake,10,5.7
11/17/2008,6:00:59,-5.659,128.799,Earthquake,306.1,5.6
11/28/2008,8:50:48,-4.755,101.764,Earthquake,25,5.9
12/11/2008,21:40:52,0.063,123.433,Earthquake,129,5.9
12/25/2008,22:40:24,23.417,64.499,Earthquake,13,5.8
1/8/2009,19:21:36,10.165,-84.197,Earthquake,14,6.1
1/26/2009,11:54:40,-17.796,-178.591,Earthquake,579.5,5.8
2/11/2009,17:49:17,3.892,126.533,Earthquake,35,5.6
2/18/2009,21:53:45,-27.424,-176.33,Earthquake,25,7
3/10/2009,4:04:23,-24.618,-176.362,Earthquake,35,5.5
3/26/2009,19:20:00,27.415,126.702,Earthquake,159.5,5.9
4/8/2009,6:26:55,-58.096,-6.263,Earthquake,10,5.6
4/21/2009,5:33:22,-4.23,129.664,Earthquake,30.2,5.7
5/17/2009,6:23:04,-16.825,-173.491,Earthquake,67,5.6
6/2/2009,2:55:15,-17.777,167.885,Earthquake,33.7,5.5
6/16/2009,20:05:57,-54.366,5.871,Earthquake,10,6.1
7/9/2009,11:19:16,25.632,101.095,Earthquake,7,5.7
7/28/2009,8:43:45,-5.497,101.705,Earthquake,16,5.6
8/10/2009,20:07:09,34.743,138.264,Earthquake,40.4,6.2
8/18/2009,17:59:14,-6.633,154.568,Earthquake,35,5.6
9/7/2009,16:12:23,-10.198,110.628,Earthquake,23,6.2
9/24/2009,7:16:20,18.829,-107.339,Earthquake,13,6.4
10/1/2009,20:55:43,-12.25,166.511,Earthquake,80.8,5.5
10/7/2009,22:29:19,-11.507,166.03,Earthquake,35,5.5
10/10/2009,21:24:39,47.851,152.455,Earthquake,112,6
10/18/2009,8:23:26,-3.651,123.203,Earthquake,20.9,5.6
11/2/2009,10:47:13,-24.121,-175.173,Earthquake,9,6.2
11/14/2009,9:50:46,-12.201,166.245,Earthquake,19.1,5.6
12/2/2009,20:27:12,12.189,125.552,Earthquake,14,5.5
12/19/2009,13:02:16,23.796,121.605,Earthquake,43,6.4
1/2/2010,8:45:33,12.424,141.949,Earthquake,8,6.1
1/12/2010,22:12:05,18.452,-72.513,Earthquake,10,5.7
1/19/2010,14:23:39,19.004,-80.804,Earthquake,10,5.9
2/5/2010,6:59:05,-47.911,99.593,Rock Burst,1,6.2
2/22/2010,5:08:49,-21.511,-173.778,Earthquake,33,5.7
2/27/2010,7:34:31,-33.821,-72.132,Earthquake,35,5.5
2/27/2010,17:24:31,-36.354,-73.208,Earthquake,19,6.1
3/4/2010,1:59:49,-33.216,-72.125,Earthquake,24.2,6
3/11/2010,15:06:02,-34.47,-72.004,Earthquake,31.5,6
3/19/2010,8:54:44,-35.541,-73.475,Earthquake,14.4,5.5
4/5/2010,22:36:57,-19.86,-68.842,Earthquake,94.2,5.8
4/18/2010,1:49:38,-37.159,-73.753,Earthquake,29.9,5.6
5/6/2010,11:35:30,-55.725,-127.942,Earthquake,10,5.8
5/26/2010,8:53:08,25.773,129.944,Earthquake,10,6.5
6/11/2010,16:37:48,26.688,142.503,Earthquake,7,5.7
6/28/2010,18:19:08,-8.947,160.863,Earthquake,35,5.8
7/17/2010,16:20:02,-15.661,-175.223,Earthquake,10,5.6
7/24/2010,5:35:01,6.218,123.519,Earthquake,553,6.6
8/4/2010,22:01:44,-5.746,150.765,Earthquake,44,7
8/15/2010,2:10:38,53.557,160.121,Earthquake,40.3,5.5
9/3/2010,17:06:51,-3.65,101.961,Earthquake,73.2,5.6
9/16/2010,1:54:40,-16.031,-173.96,Earthquake,84,5.8
10/3/2010,4:30:15,-47.287,100.249,Earthquake,10,5.5
10/21/2010,2:49:56,-34.737,-73.726,Earthquake,8,5.9
11/2/2010,18:10:15,47.092,146.747,Earthquake,369.4,5.5
11/21/2010,4:36:31,-54.967,-131.479,Earthquake,10,6
12/8/2010,6:47:16,7.481,126.505,Earthquake,53.1,5.9
12/21/2010,20:18:43,27.096,143.236,Earthquake,10,5.6
1/1/2011,9:56:58,-26.803,-63.136,Earthquake,576.8,7
1/13/2011,16:16:42,-20.628,168.471,Earthquake,9,7
1/29/2011,12:39:00,21.613,142.956,Earthquake,321.2,5.5
2/13/2011,10:35:07,-36.649,-73.176,Earthquake,17,6
2/28/2011,7:49:07,34.98,25.42,Earthquake,53,5.7
3/10/2011,8:08:21,38.603,143.27,Earthquake,17.4,5.6
3/11/2011,6:20:04,36.004,142.067,Earthquake,49.3,6.5
3/11/2011,7:02:57,39.693,142.529,Earthquake,41.6,5.8
3/11/2011,7:44:28,36.195,141.813,Earthquake,13.8,5.8
3/11/2011,9:09:15,37.683,143.311,Earthquake,39.2,5.5
3/11/2011,12:15:45,39.084,142.264,Earthquake,50.2,5.8
3/11/2011,18:59:17,37.014,138.376,Earthquake,9.3,6.2
3/12/2011,6:18:45,39.171,142.33,Earthquake,53.7,5.5
3/15/2011,9:49:53,37.367,142.301,Earthquake,8,5.8
3/20/2011,5:55:31,37.724,141.363,Earthquake,57.1,5.6
3/24/2011,13:55:12,20.687,99.822,Earthquake,8,6.9
4/6/2011,14:01:43,1.612,97.086,Earthquake,20,6
4/16/2011,2:19:31,36.378,139.653,Earthquake,77,5.8
4/28/2011,13:07:44,10.129,-103.614,Earthquake,10,5.8
5/10/2011,10:44:07,-20.311,168.451,Earthquake,10,5.5
5/21/2011,0:16:26,-56.074,-27.11,Earthquake,48,5.9
6/9/2011,20:16:28,-30.42,-178.055,Earthquake,30.7,5.6
6/24/2011,6:33:08,-10.925,165.931,Earthquake,72.1,6.1
7/6/2011,19:03:18,-29.539,-176.34,Earthquake,17,7.6
7/12/2011,20:11:01,10.648,-85.2,Earthquake,10,5.5
7/23/2011,16:34:42,13.107,145.253,Earthquake,14,5.5
8/2/2011,19:18:47,-23.983,179.007,Earthquake,528.9,5.7
8/16/2011,20:24:04,-57.229,-25.452,Earthquake,44.3,5.7
8/25/2011,10:39:58,-13.598,166.996,Earthquake,158.6,5.9
9/9/2011,19:26:01,-49.586,164.007,Earthquake,10,5.9
9/18/2011,12:40:52,27.73,88.155,Earthquake,50,6.9
10/11/2011,13:05:49,-2.247,138.838,Earthquake,27.2,5.7
10/30/2011,3:23:46,25.372,122.866,Earthquake,224.2,5.7
11/11/2011,15:02:20,-17.708,-173.095,Earthquake,10,5.6
11/28/2011,12:26:45,-5.48,153.733,Earthquake,25,6.1
12/15/2011,10:10:07,-32.718,-179.099,Earthquake,32,6
1/12/2012,3:20:50,36.994,141.071,Earthquake,16,5.5
1/28/2012,0:22:19,40.177,142.211,Earthquake,55.3,5.6
2/9/2012,8:49:25,-56.383,-25.816,Earthquake,10,5.5
2/28/2012,15:07:35,28.2,139.391,Earthquake,504.2,5.6
3/16/2012,7:58:03,10.037,125.633,Earthquake,18,5.8
4/10/2012,5:09:08,-1.261,-13.972,Earthquake,10,5.8
4/14/2012,22:05:26,-18.972,168.741,Earthquake,11,6.2
4/24/2012,14:57:10,8.868,93.949,Earthquake,14.1,5.5
5/7/2012,4:40:28,41.549,46.789,Earthquake,11,5.6
5/28/2012,21:47:09,-19.962,-175.976,Earthquake,210.7,5.9
6/10/2012,12:44:17,36.42,28.88,Earthquake,35,6
6/29/2012,15:31:47,-24.747,-9.663,Earthquake,10,5.8
7/18/2012,8:09:46,-20.872,-178.508,Earthquake,536.9,5.9
8/3/2012,7:22:31,-16.919,-176.916,Earthquake,20,5.5
8/21/2012,17:39:38,-0.172,92.056,Earthquake,15.1,5.6
9/5/2012,14:42:08,10.085,-85.315,Earthquake,35,7.6
9/25/2012,3:06:54,-15.517,-173.901,Earthquake,121.7,5.6
10/14/2012,4:58:05,-7.145,156.048,Earthquake,37,5.8
10/28/2012,3:52:20,52.576,-131.962,Earthquake,10,5.5
11/11/2012,1:12:39,23.005,95.885,Earthquake,13.7,6.8
11/27/2012,2:59:07,-2.952,129.219,Earthquake,11.2,5.7
12/11/2012,6:18:27,0.533,126.231,Earthquake,30,6
1/8/2013,14:16:09,39.656,25.54,Earthquake,12.8,5.7
1/31/2013,9:53:40,55.435,-135.018,Earthquake,13.4,5.9
2/6/2013,1:54:15,-10.499,165.588,Earthquake,8.8,7
2/7/2013,18:59:16,-10.997,165.655,Earthquake,11,6.7
2/13/2013,5:21:19,-2.975,130.205,Earthquake,35,5.6
2/28/2013,3:09:45,-17.721,167.338,Earthquake,18,5.9
3/22/2013,22:40:54,-28.044,-176.568,Earthquake,11.7,5.5
4/10/2013,20:20:27,20.722,122.064,Earthquake,11.5,5.8
4/20/2013,4:51:12,-6.292,130.218,Earthquake,108.1,5.9
5/12/2013,0:07:00,26.404,57.522,Earthquake,17.6,5.5
5/21/2013,5:43:21,52.281,160.072,Earthquake,30,6.1
6/2/2013,20:08:27,7.282,124.928,Earthquake,10,5.5
6/24/2013,8:01:39,-6.453,148.684,Earthquake,10,5.7
7/8/2013,15:30:28,16.707,40.831,Earthquake,10.5,5.5
7/26/2013,21:33:00,-57.915,-23.841,Earthquake,13,6.3
8/16/2013,5:31:16,-41.6688,174.2623,Earthquake,14.258,5.9
9/3/2013,22:29:31,51.3277,-130.2195,Earthquake,9.85,5.5
9/21/2013,16:48:59,-33.5102,-178.0226,Earthquake,10,5.8
10/11/2013,21:25:00,-30.6623,-178.4838,Earthquake,151,6.2
10/27/2013,18:13:06,37.0876,144.5734,Earthquake,20.16,5.5
11/13/2013,3:57:40,51.5477,-178.9984,Earthquake,20,5.8
11/22/2013,18:30:58,34.3083,45.6105,Earthquake,14,5.8
12/16/2013,12:07:25,-46.0838,165.9893,Earthquake,11.37,5.8
1/4/2014,0:11:48,-20.687,-70.795,Earthquake,26.1,5.7
1/27/2014,16:42:38,-19.2592,-63.9189,Earthquake,600.21,5.6
2/14/2014,7:44:15,-22.9553,-114.3303,Earthquake,12,5.6
3/7/2014,10:04:53,-28.152,-176.6437,Earthquake,27,5.7
3/19/2014,16:00:23,-27.8839,-177.1289,Earthquake,30.73,5.8
3/31/2014,12:53:06,-19.511,-69.174,Earthquake,114.5,5.6
4/5/2014,2:22:39,-32.7997,-71.5803,Earthquake,40.18,5.6
4/13/2014,12:46:40,-11.4721,162.3912,Earthquake,10,5.7
4/20/2014,0:15:58,-7.1646,155.3351,Earthquake,20,6.2
5/5/2014,11:08:43,19.6557,99.6696,Earthquake,6,6.1
5/17/2014,12:13:28,-54.2473,-146.6847,Earthquake,5,5.7
5/28/2014,21:15:07,18.045,-68.3509,Earthquake,90,5.8
6/16/2014,6:39:32,1.6444,-79.2557,Earthquake,14.97,5.7
6/24/2014,8:12:31,52.2488,176.4606,Earthquake,11,5.7
7/6/2014,22:11:30,-21.1445,173.9522,Earthquake,8,5.8
7/23/2014,21:39:08,-20.2267,-68.6776,Earthquake,118.73,5.6
8/10/2014,13:33:21,5.8688,127.1348,Earthquake,78,5.6
8/27/2014,16:31:14,-15.5674,-177.8307,Earthquake,10,5.6
9/16/2014,2:35:18,-6.308,151.7171,Earthquake,28.07,5.5
10/4/2014,19:16:36,17.418,-94.822,Earthquake,145.8,5.6
10/15/2014,23:53:02,31.7863,140.5047,Earthquake,60,5.5
11/10/2014,21:38:01,-30.0426,-177.8549,Earthquake,29,5.7
11/22/2014,19:14:16,45.8977,27.1505,Earthquake,32,5.6
12/9/2014,3:09:23,1.5378,126.232,Earthquake,40.71,5.7
1/5/2015,17:48:42,-43.0546,171.2364,Earthquake,8.06,5.6
1/28/2015,21:08:54,40.3178333,-124.6066667,Earthquake,17.17,5.73
2/16/2015,23:06:28,39.8558,142.8808,Earthquake,23,6.7
3/3/2015,10:37:30,-0.7789,98.7161,Earthquake,28,6.1
3/28/2015,22:28:51,0.4002,121.9895,Earthquake,118,5.9
4/14/2015,8:13:55,-15.1965,-173.3499,Earthquake,8,5.6
4/30/2015,10:19:08,-60.3933,-26.9077,Earthquake,10,5.8
5/12/2015,7:05:20,27.8087,86.0655,Earthquake,15,7.3
5/26/2015,10:32:03,-22.057,-68.5076,Earthquake,124,5.6
6/15/2015,17:40:54,-9.742,125.2517,Earthquake,20,5.8
7/1/2015,19:35:21,-10.9911,162.5558,Earthquake,12,6
7/18/2015,2:27:34,-10.4012,165.1409,Earthquake,11,7
8/5/2015,9:13:24,16.1408,-93.664,Earthquake,100.85,5.7
8/13/2015,14:08:00,23.9689,122.4897,Earthquake,17.32,5.6
9/7/2015,14:06:28,-32.8265,-178.198,Earthquake,10,5.9
9/16/2015,23:23:26,-31.1674,-71.772,Earthquake,32.1,5.7
9/19/2015,9:07:10,-31.0999,-71.5902,Earthquake,28,5.7
10/4/2015,3:49:49,-30.3105,-72.1018,Earthquake,5.89,5.5
10/23/2015,22:03:23,-2.1661,138.2666,Earthquake,8,5.8
11/8/2015,10:46:17,51.5002,-172.9113,Earthquake,16,5.6
11/20/2015,5:31:52,26.3565,142.6429,Earthquake,14,5.8
12/6/2015,17:09:29,-18.1602,-178.694,Earthquake,547,5.6
12/25/2015,17:58:05,-40.7281,-86.4356,Earthquake,10,5.8
1/14/2016,3:25:34,41.9723,142.781,Earthquake,46,6.7
1/31/2016,2:50:06,-2.8659,147.1385,Earthquake,10,5.7
2/21/2016,21:26:42,24.5533,142.4073,Earthquake,21,5.6
3/18/2016,0:31:26,-4.5473,153.0955,Earthquake,34.94,5.6
4/5/2016,8:29:21,4.2073,126.6515,Earthquake,35,5.9
4/14/2016,21:50:28,-14.5284,166.4334,Earthquake,16,6.4
4/20/2016,12:19:44,37.8013,141.6216,Earthquake,33.11,5.9
5/7/2016,0:18:37,18.3754,-105.3371,Earthquake,10,5.6
5/31/2016,5:23:47,25.5615,122.5458,Earthquake,246.4,6.4
6/10/2016,18:29:51,-16.4825,-177.2142,Earthquake,10,5.8
6/27/2016,20:50:35,16.5502,-97.8332,Earthquake,19,5.7
7/19/2016,5:18:40,-30.2523,-71.9722,Earthquake,8.01,5.8
8/1/2016,7:42:51,-23.9646,82.5565,Earthquake,10,5.6
8/20/2016,9:01:26,40.3942,143.6796,Earthquake,10,6
9/1/2016,17:36:00,-37.0274,179.0179,Earthquake,8.88,5.5
9/15/2016,5:57:24,12.44,-86.6423,Earthquake,10,5.7
9/29/2016,0:21:10,-35.6012,-103.8967,Earthquake,10,5.5
10/20/2016,6:25:56,22.2432,143.7548,Earthquake,104.46,5.6
11/8/2016,3:09:25,-58.1134,148.1913,Earthquake,10,5.7
11/14/2016,6:47:52,-42.3335,173.9064,Earthquake,12,5.7
11/30/2016,2:42:15,-6.9865,131.8204,Earthquake,24,5.7
12/10/2016,2:38:21,-10.3301,161.3501,Earthquake,38,5.6
12/20/2016,20:07:53,-10.1549,160.7816,Earthquake,10.38,5.5
